id,name
1,Hermes Yachting
2,WPS YACHTING
3,LoveSail.net
4,All-Seas
5,Discovery Yachting
6,Miknatis Yachting
7,Escapada Catamarans
8,Sunrise Charter
9,Sail Croatia
10,Ydrea Yachts
11,Icelandic Yacht Charter
12,Majka Yacht
13,Simple Sail
14,Mullinahone Yachts
15,High Five Sailing
16,ASC Yachting Gomar
17,Pelagos yacht brokers & charters
18,Morska Zvijezda d.o.o.
19,Starsails Yachtcharter
20,Seafarer Sailing
21,Barca
22,Prima Yachting
23,Surcando Mares
24,El Yachting
25,Top Sailing Charter
26,FullTeam
27,Olympic Yachting
28,Master Yachting
29,Nautika Koren
30,Orvas Yachting
31,Ionian Catamarans by Patras Yachts
32,GTF
33,GR Sailing
34,Waterfront Jachtcharter
35,A Toutes Voiles
36,Ocean Sailing House
37,GAIS s.r.o
38,Rainbow Yachting LTD
39,Bosfor
40,MASTER SAILING SRLS
41,Unik Sailing
42,OceanMed Sailing
43,Salivolivela
44,MadMax Franchising Nautico
45,Eversails Yachting
46,Mareta Boats
47,Sail in Greek Waters
48,Bleyachting
49,Ultra Sailing
50,LM Yachting
51,Under the Heavens Sailing
52,Cata Sailing
53,Rumbo Norte
54,Pelsys
55,Mondovela Charter
56,Staysails Yachting MCPY
57,Axion Yachts
58,Athenian Yachts
59,GM Catamaran Charter
60,Crystal Sea Yachting
61,Veleasegno Charter
62,Simpson Yacht Charter
63,Inter Mares
64,Star Voyage Antilles
65,AF Yachting
66,JF Yachts
67,Med Sailing Holidays
68,Rigel Vela Charter
69,43 Parallelo
70,Montenegro Charter Company
71,Adria Yacht Center
72,BaMa Yachts
73,Sail the Ionian Sea
74,North Sardinia Sail
75,Sail Along
76,Thea Sailing Cunda
77,Fancy Sailing
78,Sardinia Week
79,Gentedimare
80,Fantasia Sailing
81,Candia Yachting
82,Octopus Yachting
83,Icaro Charters
84,FeelDouro Yacht Charter
85,Ionian Breeze
86,Boatin France
87,Cyclades Sailing
88,Antomar
89,Sail Your Myth
90,MP Boats
91,Star Cruising
92,PremiumYacht
93,Maledives Cats
94,VASCON MARINE & YACHTING
95,Sunsail
96,My Sailing
97,Altair International
98,Sailogy.com
99,Aquatoria Yachting
100,Croatia Yachting
101,Yachtcharter Goteborg
102,Paralos Yachts
103,Greeksailing
104,BeCharter
105,Kiriacoulis
106,Burin Yacht Charter
107,Nord Sail
108,NCP-Charter
109,Sailing Sicily
110,Velasquez
111,Fortek Nautica
112,T.O. Mate
113,Albatros Yachting
114,MainSail Yachting
115,Vala Charter
116,K2 Yachting
117,Asterion Sailing
118,GOA Catamaranes
119,Dea dei Mari
120,Lava Charter
121,Sea Novels
122,Beyond Yachting
123,Boat Distributor
124,Batana Navtik
125,Ionian Charter
126,Miceli vela
127,Vishe Radugi Yachting
128,Time Charter Náutica
129,Race & Cruise S.a.s
130,George Vlamis Yachts and Yacht Managment
131,Alquila Vela - MedCaribbean
132,Sailing in Italy Charter
133,Profilo Race ´n´ Fun
134,SeaStar Sailing
135,Marina Estrella Charter
136,VM Yachting
137,Magic Sails Charter
138,Lagoon Life
139,Sailmarine
140,ADVENTURE CHARTER
141,ND Sails
142,mediamare yachtcharter
143,GMM-Yachting
144,Adriatic Yacht Charter
145,Barcando Charter
146,Sailing.ee
147,Greek Isles Yachting
148,Starsail
149,Darling Sailing
150,Blue Trend
151,Minas Yachting
152,Aegian Sailing Club
153,Mirakul Yachting
154,Sail the Blue Charter
155,bluEmotion
156,Suntours Sailing
157,Summer Sail
158,BLUE MARLIN YACHTS
159,Stavento Sailing
160,Ionian Sea Service
161,BB Jezera
162,M3 Servizi Nautici
163,South Sea Sail
164,Charter Tiare
165,Sailway
166,Ahoj Czarter
167,My Sailing Week
168,Tendance Voile
169,Kekeris Yachts
170,DMS Sailing Charter
171,Grecosail Yachting
172,Jonio Yachting
173,Tsirigotis Yacht Charter
174,MG Yachts
175,Marina & Yachting
176,Brama Catamarans
177,Dufi Sail Charter
178,Georgina Yachting
179,Nautic Charter
180,Ekvator Yachting
181,Yacht and Fun
182,Salty Leisure
183,Atoll Comfort Sailing
184,Marea Yachting
185,EGO Charter
186,Invictus Sicily
187,MarGeo Yachts
188,DeToni charter
189,Euro Sail Yacht
190,Sun Yachting Greece
191,Sailme Charter SL
192,Ocean
193,Chilla Sailing
194,CS Charter
195,Papoulakis Yachting
196,Free Charter Srl
197,SP-Travel
198,Golden Compass Yachts
199,Dolphin Yachts OE
200,Boreal Yachting
201,Charter - Novak
202,Kavas Yachting
203,Vela Charter
204,Vela Dream Charter
205,A Toda Vela Charter
206,Yildiz Yachting
207,Offshore Sailing
208,More Yachting
209,Cagliari Sailing Charter
210,Controvento
211,Shamandura Charter
212,Sailing Forever
213,Adriatic Sailing
214,IRIS Yachtcharter
215,Sail in Adria
216,Bravasail
217,Sailing in Blue
218,Silver Seagull
219,CroSails
220,IBIZAWINDS
221,White Sails
222,VPM Bestsail - EIS Finance SARL
223,Isalos Yachting
224,Pločanska plovidba
225,Solis Charter Group
226,Blue Sails
227,Candor Charter
228,TZENNET Yachting
229,Incrediblue
230,Rinia Yachting
231,The Big Fusion
232,Portiate
233,Pure Sail
234,Malta Charters
235,Adriatic Sailing TO
236,Sail Your Soul
237,Azul sailing
238,Aladar sail
239,Rosa dei Venti Yacht Charter
240,Sail and Experience
241,AVeleCazzate
242,Perfect Sailing
243,Mayer d.o.o.
244,Palmayachts
245,Boomerang
246,Rhodes Sailing
247,Kavala Yachting
248,IonionSails.gr
249,Sun Sail Sea Catamarans
250,Mautica
251,Atlantic Sail
252,Venturi-Sailing
253,Mallorca-Balear-Sailing & Charter
254,Perfect Yachts
255,Galazio Sailing
256,World Expeditions
257,AzoresSailing Scubatur
258,Adria Apex
259,Prime Yachting
260,Sailmoments
261,+39 Charter
262,Latitude charter
263,SieDzieje
264,Private Yacht Charter Portugal
265,Navette Yachtcharter
266,Sailty
267,AA charter
268,Vela Napoli Charter
269,Jedra Turopolja
270,AAB Yachting - Alter AB
271,Vourazelis Yachting
272,Navegamar Charter
273,Croatia-Adriatic
274,Yachtingadria
275,Eol Nostrum
276,Adamas Yachting
277,Epifany Yachting
278,Sailing Koh Chang
279,Smart Sail
280,Aeolian Yachts
281,Fair Wind
282,Veritas Yachting Europe GmbH
283,Medcat Group
284,Bat-O-Bleu
285,CM Charter Mallorca
286,Vogue Yachting
287,CRO-MAR
288,EOLO Charter
289,Black Duck Charter
290,Sail More
291,Ban Tours
292,Navigator charter
293,Lagoon NEPA
294,Fyly Yachting
295,Adria Yachting
296,Genoa Yachting
297,Big Blue Yachting
298,Platten Sailing Cuba
299,Ionian Yachts
300,Waypoint
301,KYMA Premium Yachting
302,Marina Hramina
303,Saysail
304,Gala Yachting & Travel
305,Odisej Yachting
306,Exploring Sailing
307,Phoenix Yachting
308,7 Waves Yachting
309,Albatross Yachting
310,Sail Ways
311,Bemex Boot
312,LoveToSail
313,NorthSailing
314,Eolian Sailing
315,SailCroatia
316,Sea La Vie
317,Ankora Charter
318,Toern
319,Mallorca Yacht charter
320,Parallelo 38 Charter
321,Sailing Europe Charter
322,Sea Folk Yacht Charter
323,Yachting in Sardinia
324,Chatzigiannis Yachts
325,Sail Armada
326,Floating Holidays
327,First Class Sailing
328,Sail Band
329,Euroyacht
330,Ortsa Sailing
331,Just Sail Charter
332,Istion Yachting
333,Christianna Yachts
334,Balearic Yacht Club
335,Kalima Charter
336,Pagason Yacht and Sail
337,Seafree International Charters
338,Agenzia del Porto Service
339,Sporteros
340,Royal Cracow
341,Color Charter
342,Mistral Sailing
343,Gabriel Sailing M.C.P.Y.
344,Ionian Odyssey
345,Laguna Yachting
346,VOG FLEET
347,Thalassa sailing travels
348,CG Mer
349,M Blue Yachts
350,Hellenic Sails
351,Sail42
352,Windfinders
353,Phuket Yachting
354,Barchetta
355,Sailand
356,Yelkenli Yachting
357,Octopus sailing
358,Eol Yachting
359,Sailhunt
360,Friends Yachting
361,Papillon charter
362,Opensea Yachting
363,Catamaran Experience Ibiza
364,Sunsicily Yacht Charter
365,Garant Charter
366,Cruising Charter
367,Nova Eurospectra
368,We Sail Greece
369,Odyssey Sailing
370,Daysailing
371,Peppersail
372,Tempo di Mare
373,Ionian Island World
374,Aichfeld Yachting
375,Giramar
376,Proskiper
377,Nouvelle Vague Sailing
378,TECNIT
379,Vela e Cucina Charter
380,Ankereva Sailing
381,Ionian Charters
382,Zouras Yachting
383,Hellenic Yachting
384,Oasis Sailing
385,Panouseris Yacht Charters
386,MDM Charter
387,VoiliVoilou
388,Puresailing Yachting
389,Perfect Sailing
390,Žito
391,Mita Nepa
392,Velvet Yachting
393,Sailtours
394,Nautilia Yachting
395,Helios Stratos
396,Legend
397,Aegean Cruises
398,Diaplous Yachting
399,H.C. Sea Service
400,Alboran Charter
401,Cruesa Mallorca Yachtcharter
402,Vastardis Yachting
403,Nomicos Yachts
404,Dk Yachting Greece
405,Golden Sail
406,The Yachting Club
407,Trend Travel Yachting
408,Le Bateau Blanc
409,Athens Blue Diamond
410,Yacht Travel Group
411,Sail Emerald JV
412,Sailing Delight
413,Carloforte Sail Charter
414,Euromarine
415,SY Stralsund Yachtcharter
416,VELANOMADA YACHT CHARTER
417,Splendid Yachting
418,Kroki Nautika
419,SailAzores
420,Sail Aegean Europe
421,Aurora Yachting
422,Yachting 2000
423,Meridijan Yacht Servis
424,Sardinia Yachting
425,Schupfer Yachtcharter
426,Baotic Yachting
427,Sport Sails
428,Lighthouse Charter
429,Angelina Yachtcharter
430,Sailors Center
431,Euronautic
432,Sail Adventures
433,Mir-Amo Nautika
434,Saba Sailing
435,Sail A Way
436,Spartivento
437,Nautika Kufner
438,Marinis
439,Kama Sail
440,CV Yachts
441,Sailor.tex
442,SunLife Charter
443,Alfa Sail
444,Bruneko Charter
445,Thestion Yachting
446,Sail&More
447,Adriatic Charter
448,Dream Yacht Charter Croatia
449,Asta Yachting
450,Latitud CERO
451,VitoNautika
452,Ventum
453,Thrace Yachting
454,Sailactive
455,DSL Yachting
456,Dubrovnik Yachting
457,Sunturist
458,Velasud Yachting Sicily
459,Solar Wind
460,Magic Sailing Charter
461,Alternautika
462,Mare Charter
463,Inter Yachting
464,Greece Sail
465,Aegean Sails
466,Sail District
467,Global Sailing
468,ECC Yacht Charter
469,Big Blue Greece
470,Ionistia
471,Arca Nautica
472,SailEazy
473,Navigo Yacht Charter
474,Cataexperience
475,Jadranka Yachting
476,Blue-Lagoon
477,Antibavela
478,Zeilon Yachts
479,Calufea
480,42 Nord Charter & Brokerage
481,Ostria Sailing
482,Kavalayachting.gr
483,Noah sailing
484,Blue Aegean Sailing
485,Charter 4 Fun
486,Caraibes Catamarans
487,Zenith
488,Providenca Charter
489,Sea Drive
490,Travel Boat
491,The Moorings
492,Aqua Libra
493,triM Nautica Charter
494,Club + Charter
495,Bboat yachtcharter
496,Adriatic Cruises
497,PUUR Yachtcharter
498,AVS Charter
499,Istria Boats
500,Okay-charter
501,Higanas Boats
502,Maris Adriatic
503,Adriatic Escape
504,Yacht-Charter-Center
505,Monachus Yachts
506,Smile Boats
507,Vrtinec
508,Sea&Fun Charter
509,Blue Emotion
510,Commodo Navis
511,Kralj Centar
512,SunShine Yachting
513,France Afloat
514,Cantal Marine
515,Adria Yachten
516,Shore and Base
517,OCEANDREAMS Mediterraneo
518,Menorca Mar
519,SERAPHILUS marine charter
520,Offshore Boote p.m.
521,Motive Boats
522,Blue Nautica
523,Charter Trogir
524,Charter d'Or
525,Danora
526,Plavetnilo
527,Gota Kanal Charter
528,Auto Neven Yachtcharter
529,BoatCenter
530,MY SeaTime Yachtcharter
531,Lumar
532,Islamarcharter
533,Arch International
534,Futur Šport
535,bedeschi
536,GA Holidays
537,GR Yachting
538,Corona Yachting
539,Porto Colom Yachting
540,Canary Islands
541,Ancyra Sailing
542,Asia Marine
543,Atlantic Sail
544,Balearic Yacht Club
545,AZIMUTH CHARTER
546,BVI Yacht Charters
547,AURACHARTER
548,Catamaran Company
549,Club Nautique de Mexico
550,Coco Charter Seychelles
551,Corse Catamarans
552,Cruise Annapolis
553,Discover Sailing Asia
554,Dream Yacht Charter
555,Elite Yachting
556,Florida Yachts Charters
557,Fun In The Sun
558,Hamble Point Yacht Charters Ltd
559,Ibiza Formentera Charter
560,Island Spirit Charters
561,Multihull Yachting
562,navega colombia
563,Navigare
564,Navigare Croatia
565,Navtours
566,Odyssey Sailing
567,Platten Sailing
568,Sail Fast Experience
569,Sail Italia
570,SailCaribe
571,iCharter Caribbean
572,RM Croisieres
573,Exadas Yachts
574,Yako Sailing
575,Sedna fleet Test
576,ego charter
